{"cameraMode":{"drawMode":0,"name":"Shaded","section":"Shading Mode"},"sceneLighting":false,"audioPlay":false,"sceneViewState":{"showFog":false,"showMaterialUpdate":false,"showSkybox":false,"showFlares":false,"showImageEffects":false,"showParticleSystems":false},"in2DMode":false,"pivot":{"x":-0.001064017415046692,"y":-0.015428155660629273,"z":0.0},"rotation":{"x":-0.08838415145874024,"y":-0.002988300984725356,"z":-0.0002651573158800602,"w":0.9960821270942688},"size":1.1121853590011597,"orthographic":true}