{"cameraMode":{"drawMode":0,"name":"Shaded","section":"Shading Mode"},"sceneLighting":true,"audioPlay":false,"sceneViewState":{"showFog":false,"showMaterialUpdate":false,"showSkybox":false,"showFlares":false,"showImageEffects":false,"showParticleSystems":false},"in2DMode":false,"pivot":{"x":18.88909912109375,"y":0.3486328125,"z":-0.8046875},"rotation":{"x":-0.08838415145874024,"y":-0.002988300984725356,"z":-0.0002651573158800602,"w":0.9960821270942688},"size":23.84272003173828,"orthographic":true}