{"cameraMode":{"drawMode":0,"name":"Shaded","section":"Shading Mode"},"sceneLighting":true,"audioPlay":false,"sceneViewState":{"showFog":false,"showMaterialUpdate":false,"showSkybox":false,"showFlares":false,"showImageEffects":false,"showParticleSystems":false},"in2DMode":false,"pivot":{"x":-0.000457763671875,"y":-2.0439453125,"z":-0.890625},"rotation":{"x":-0.08838415145874024,"y":-0.002988300984725356,"z":-0.0002651573158800602,"w":0.9960821270942688},"size":9.228272438049317,"orthographic":true}